Date;Volume_Cumulative_base;Volume_Cumulative_SSP1_26;Volume_Cumulative_SSP2_45;Volume_Cumulative_SSP5_85;Volume_Cumulative_penalty;Volume_Cumulative_Lower_99CI;Volume_Cumulative_Upper_99CI
1.01.2021;2519.73;2519.73;2519.73;2519.73;26.07883764;0;69.77429405
1.02.2021;2545.81;2545.51;2545.51;2545.39;52.15767529;0;139.5485881
1.03.2021;2574.43;2573.91;2573.97;2573.68;78.23651293;0;209.3228821
1.04.2021;2620.64;2620.13;2620.19;2619.62;104.3153506;0;279.0971762
1.05.2021;2666.92;2666.66;2666.71;2665.94;130.3941882;0;348.8714702
1.06.2021;2722.91;2722.75;2722.75;2721.79;156.4730259;0;418.6457643
1.07.2021;2756.36;2756.05;2755.15;2754.01;182.5518635;0;488.4200583
1.08.2021;2719.32;2719.06;2718.15;2717.12;208.6307012;0;558.1943524
1.09.2021;2630.73;2627.84;2626.94;2625.64;234.7095388;0;627.9686464
1.10.2021;2533.03;2530.14;2529.35;2528.20;260.7883764;0;697.7429405
1.11.2021;2453.84;2451.44;2450.46;2449.93;286.8672141;0;767.5172345
1.12.2021;2447.01;2445.29;2444.13;2443.10;312.9460517;0;837.2915286
1.01.2022;2498.24;2495.84;2494.68;2493.20;339.0248894;0;907.0658226
1.02.2022;2520.35;2518.13;2517.03;2514.93;367.644054;0;990.7752453
1.03.2022;2583.89;2581.65;2580.55;2578.69;413.859596;0;1085.286197
1.04.2022;2648.47;2646.98;2645.96;2645.24;460.1357119;0;1210.504325
1.05.2022;2719.27;2718.53;2717.80;2718.52;516.1223761;0;1411.761157
1.06.2022;2782.91;2782.17;2781.83;2782.62;549.5731215;0;1582.724991
1.07.2022;2837.37;2836.60;2835.22;2835.79;511.8738383;0;1589.471037
1.08.2022;2812.71;2811.88;2810.37;2810.94;421.5951981;0;1560.593379
1.09.2022;2726.72;2726.07;2724.95;2723.86;321.9425041;0;1522.782032
1.10.2022;2646.72;2645.64;2644.01;2642.20;241.0834553;0;1495.356097
1.11.2022;2579.13;2577.50;2575.88;2574.27;234.1010034;0;1572.080042
1.12.2022;2556.17;2557.82;2556.22;2556.51;285.3304703;0;1709.782526
1.01.2023;2569.77;2570.98;2569.38;2569.60;307.4479206;0;1804.031876
1.02.2023;2588.69;2589.85;2588.25;2587.44;370.9816094;0;1946.635728
1.03.2023;2619.58;2620.46;2618.88;2617.43;435.567938;0;2069.340155
1.04.2023;2681.63;2682.59;2681.06;2679.06;506.3615463;0;2200.874187
1.05.2023;2716.37;2716.99;2715.38;2711.75;570.0031036;0;2366.752927
1.06.2023;2757.35;2757.80;2756.19;2750.82;624.4651558;0;2560.485848
1.07.2023;2789.10;2788.37;2785.36;2778.30;599.0622582;0;2593.759758
1.08.2023;2756.70;2746.16;2743.02;2735.57;510.402336;0;2570.401412
1.09.2023;2674.38;2663.72;2660.54;2653.09;427.8353765;0;2569.199893
1.10.2023;2568.75;2558.06;2555.10;2546.97;358.0151902;0;2552.952278
1.11.2023;2492.41;2482.48;2479.87;2472.25;334.2752186;0;2593.370409
1.12.2023;2475.02;2466.28;2464.13;2457.58;347.8779983;0;2804.383017
1.01.2024;2489.44;2480.78;2478.77;2471.79;366.7963357;0;2904.50057
1.02.2024;2511.41;2502.72;2500.67;2493.34;397.6871235;0;3037.417128
1.03.2024;2558.06;2549.31;2546.82;2539.28;459.7309543;0;3182.539086
1.04.2024;2587.22;2578.25;2575.80;2567.89;494.4769596;0;3313.322886
1.05.2024;2631.71;2622.67;2620.47;2613.32;535.4544566;0;3502.836908
1.06.2024;2659.22;2649.96;2647.34;2639.99;567.2040944;0;3704.531185
1.07.2024;2661.37;2651.52;2648.88;2639.69;533.4378543;0;3747.477758
1.08.2024;2618.82;2609.52;2606.93;2597.48;447.5738915;0;3733.158718
1.09.2024;2521.32;2511.67;2508.40;2498.42;337.286584;0;3681.887783
1.10.2024;2411.19;2401.83;2398.60;2389.11;257.5025991;0;3669.8226
1.11.2024;2346.12;2337.43;2334.13;2324.41;239.3018265;0;3718.757072
1.12.2024;2328.07;2318.00;2314.14;2303.77;253.7216692;0;3783.468032
1.01.2025;2336.93;2326.08;2322.18;2311.73;275.6991153;0;3852.958458
1.02.2025;2367.65;2357.26;2353.16;2342.70;322.3425049;0;3964.095552
1.03.2025;2436.13;2426.43;2422.91;2414.40;351.5028813;0;4054.479257
1.04.2025;2513.77;2504.64;2501.19;2493.58;395.9983145;0;4150.173154
1.05.2025;2574.68;2565.52;2562.23;2555.38;423.5062512;0;4252.294574
1.06.2025;2620.24;2611.59;2608.43;2602.30;425.656781;0;4300.227489
1.07.2025;2628.70;2619.08;2613.74;2606.88;380.8089215;0;4304.309985
1.08.2025;2604.70;2594.98;2589.13;2568.94;277.9316333;0;4245.959069
1.09.2025;2509.35;2500.64;2494.84;2474.70;161.6149448;0;4178.706591
1.10.2025;2408.90;2402.47;2397.26;2376.91;92.82848791;0;4164.143051
1.11.2025;2321.22;2317.10;2312.40;2296.05;73.73404913;0;4219.072909
1.12.2025;2305.76;2300.48;2295.57;2279.44;82.58443621;0;4275.634182
1.01.2026;2310.58;2303.89;2298.92;2281.03;113.3114188;0;4390.777731
1.02.2026;2341.76;2334.48;2329.00;2309.97;181.7932;0;4535.899688
1.03.2026;2396.36;2388.35;2382.80;2363.32;259.426818;0;4700.28003
1.04.2026;2447.40;2439.47;2433.82;2414.28;320.3343398;0;4893.37163
1.05.2026;2471.13;2463.04;2457.69;2438.27;365.8945323;0;5057.231405
1.06.2026;2487.05;2478.38;2472.98;2453.48;374.3610466;0;5182.674877
1.07.2026;2491.20;2480.00;2473.63;2452.31;348.7695868;0;5218.405865
1.08.2026;2434.02;2422.30;2415.75;2392.69;247.014637;0;5166.548476
1.09.2026;2334.39;2322.42;2315.77;2291.50;139.7178353;0;5139.715363
1.10.2026;2229.42;2217.37;2210.65;2185.83;45.97741758;0;5133.498769
1.11.2026;2153.82;2142.68;2135.94;2113.56;29.43431098;0;5172.632089
1.12.2026;2143.98;2133.67;2127.26;2103.71;34.252653;0;5223.642749
1.01.2027;2155.20;2145.11;2138.66;2114.70;65.4349295;0;5334.342042
1.02.2027;2182.24;2171.91;2165.15;2141.21;120.0353067;0;5458.980085
1.03.2027;2208.85;2198.69;2191.84;2169.19;171.0727384;0;5564.441432
1.04.2027;2247.57;2237.55;2230.77;2207.99;194.7979717;0;5669.219114
1.05.2027;2286.41;2276.20;2269.65;2247.59;210.7215346;0;5753.667913
1.06.2027;2305.99;2296.35;2290.10;2266.94;214.8710716;0;5932.806227
1.07.2027;2329.91;2319.25;2312.90;2288.04;153.2224941;0;5942.338024
1.08.2027;2280.98;2269.26;2262.21;2233.25;45.70276074;0;5903.764955
1.09.2027;2185.01;2172.09;2164.74;2135.11;-67.67915699;0;5842.472916
1.10.2027;2086.90;2073.52;2066.15;2035.39;-149.4229215;0;5816.556318
1.11.2027;2022.62;2007.66;2000.15;1968.07;-160.0694957;0;5874.749777
1.12.2027;2013.19;1997.85;1995.24;1963.32;-148.8523262;0;5927.874689
1.01.2028;2032.06;2016.30;2013.59;1980.78;-121.804964;0;6005.101377
1.02.2028;2058.88;2042.77;2040.01;2009.60;-95.20295473;0;6072.387062
1.03.2028;2131.85;2115.92;2113.25;2084.20;-56.48210338;0;6153.373835
1.04.2028;2177.66;2161.56;2159.09;2129.89;-17.64328674;0;6237.702266
1.05.2028;2244.92;2228.85;2226.44;2199.41;1.944263669;0;6318.731942
1.06.2028;2320.89;2305.25;2303.52;2273.73;25.86351999;0;6505.185165
1.07.2028;2330.23;2310.31;2307.30;2275.50;-27.48603459;0;6526.020233
1.08.2028;2278.13;2257.32;2254.35;2221.27;-132.2079888;0;6472.359944
1.09.2028;2186.40;2167.33;2164.99;2132.85;-239.3733189;0;6443.233353
1.10.2028;2099.54;2083.21;2081.47;2047.41;-309.6470777;0;6460.671311
1.11.2028;2015.10;2001.62;2000.34;1969.25;-319.9612687;0;6528.810917
1.12.2028;2006.44;1992.74;1991.22;1959.81;-301.0940306;0;6622.07129
1.01.2029;2027.18;2014.02;2012.58;1980.07;-274.2753992;0;6752.621787
1.02.2029;2072.64;2059.80;2057.78;2023.86;-201.2994837;0;6901.617196
1.03.2029;2100.11;2087.99;2086.70;2052.13;-155.4910787;0;7069.350171
1.04.2029;2139.68;2128.02;2127.07;2094.42;-88.23055281;0;7242.959882
1.05.2029;2192.51;2181.36;2180.94;2150.30;-12.26384142;0;7428.534871
1.06.2029;2240.35;2227.30;2226.94;2196.52;-2.921558064;0;7629.057027
1.07.2029;2244.37;2230.20;2226.15;2193.41;-60.35058986;0;7635.177763
1.08.2029;2221.08;2206.21;2202.16;2164.45;-161.549336;0;7586.810192
1.09.2029;2142.29;2127.44;2123.41;2078.99;-257.4742167;0;7559.790354
1.10.2029;2046.10;2030.15;2026.11;1981.05;-350.8037151;0;7549.370253
1.11.2029;1971.72;1957.55;1955.84;1911.89;-360.3838803;0;7588.499462
1.12.2029;1965.77;1952.18;1950.46;1905.43;-339.6433193;0;7653.172383
1.01.2030;1974.46;1960.21;1958.47;1912.59;-294.1767944;0;7761.233372
1.02.2030;2003.37;1988.29;1986.61;1937.25;-266.7088671;0;7844.979078
1.03.2030;2078.15;2063.54;2061.76;2012.29;-227.1383796;0;7928.135615
1.04.2030;2161.37;2146.47;2144.33;2095.32;-174.312663;0;8037.319649
1.05.2030;2226.34;2211.47;2210.56;2163.86;-126.4753742;0;8172.707037
1.06.2030;2298.78;2285.53;2284.85;2240.32;-122.4461505;0;8230.794864
1.07.2030;2329.13;2314.24;2311.78;2266.78;-148.4026504;0;8275.785374
1.08.2030;2288.76;2270.98;2268.05;2221.12;-236.2795245;0;8276.809216
1.09.2030;2191.47;2172.40;2168.63;2120.38;-343.655202;0;8238.997868
1.10.2030;2100.04;2081.31;2077.74;2029.06;-426.7600623;0;8218.604535
1.11.2030;2027.77;2014.24;2012.34;1964.80;-433.4142081;0;8271.112935
1.12.2030;2007.47;1994.03;1991.88;1947.61;-424.7227555;0;8322.524769
1.01.2031;2027.16;2013.12;2010.92;1963.93;-395.8082723;0;8434.814819
1.02.2031;2045.65;2031.52;2028.57;1981.53;-321.0343682;0;8583.336789
1.03.2031;2071.80;2056.26;2053.47;2006.19;-237.8117854;0;8742.800973
1.04.2031;2113.87;2098.20;2095.44;2049.32;-172.8384399;0;8875.792385
1.05.2031;2168.07;2153.04;2150.48;2105.94;-100.4044557;0;9051.603771
1.06.2031;2223.49;2207.72;2205.30;2160.06;-70.0562587;0;9248.532836
1.07.2031;2265.77;2248.43;2240.06;2193.51;-115.516969;0;9268.054504
1.08.2031;2226.50;2207.56;2198.58;2138.06;-225.1958276;0;9217.603773
1.09.2031;2137.75;2117.09;2108.31;2048.66;-328.3591552;0;9168.72128
1.10.2031;2046.13;2024.40;2015.22;1961.34;-409.9759465;0;9156.648347
1.11.2031;1968.89;1948.91;1942.69;1896.27;-432.9213612;0;9190.994814
1.12.2031;1953.65;1932.57;1924.32;1871.63;-413.2339072;0;9277.876623
1.01.2032;1969.39;1948.34;1940.16;1887.01;-394.7433583;0;9355.097342
1.02.2032;2027.70;2005.93;1997.89;1948.53;-368.5905204;0;9430.629265
1.03.2032;2093.90;2071.68;2063.98;2015.62;-326.5246296;0;9533.217987
1.04.2032;2173.31;2151.97;2144.49;2100.12;-272.3188101;0;9673.096737
1.05.2032;2254.58;2234.31;2227.54;2184.13;-216.9058651;0;9874.439769
1.06.2032;2314.52;2296.19;2288.83;2245.06;-174.6234106;0;10073.6565
1.07.2032;2348.15;2326.07;2318.38;2273.55;-219.3227604;0;10096.22013
1.08.2032;2311.51;2286.82;2278.32;2230.26;-320.4459475;0;10054.08428
1.09.2032;2224.95;2201.98;2195.39;2146.72;-424.9268937;0;10035.5426
1.10.2032;2130.91;2107.39;2099.17;2055.94;-513.0907479;0;10017.52212
1.11.2032;2066.94;2042.81;2032.85;1997.00;-530.5017016;0;10075.6961
1.12.2032;2056.05;2032.05;2021.99;1986.01;-514.7562534;0;10143.19159
1.01.2033;2078.57;2054.57;2044.43;2007.57;-456.4502022;0;10254.3025
1.02.2033;2108.16;2083.67;2073.83;2035.84;-390.2488936;0;10399.42587
1.03.2033;2182.21;2155.88;2145.41;2106.17;-310.8417445;0;10551.66465
1.04.2033;2248.67;2222.81;2212.56;2171.90;-229.5727991;0;10703.92499
1.05.2033;2304.34;2278.60;2266.73;2227.09;-169.6282701;0;10869.80373
1.06.2033;2323.75;2296.04;2283.97;2242.24;-136.000933;0;11044.45517
1.07.2033;2322.85;2288.88;2276.04;2231.08;-178.1536973;0;11080.10836
1.08.2033;2265.54;2229.29;2216.27;2166.06;-277.8103867;0;11059.09189
1.09.2033;2161.61;2125.33;2113.73;2064.44;-386.1830236;0;11039.10141
1.10.2033;2054.62;2019.60;2009.34;1960.82;-459.9762005;0;11048.82617
1.11.2033;1997.69;1964.47;1953.76;1904.72;-472.5418273;0;11125.22898
1.12.2033;1988.96;1955.73;1944.85;1886.79;-450.023174;0;11286.61536
1.01.2034;2007.15;1974.48;1964.24;1902.28;-420.4341954;0;11414.34784
1.02.2034;2079.57;2045.28;2035.20;1970.94;-346.3828649;0;11585.24294
1.03.2034;2119.09;2084.49;2074.49;2011.28;-279.9285695;0;11784.38664
1.04.2034;2189.83;2154.52;2144.79;2082.31;-224.2543267;0;11983.53034
1.05.2034;2285.55;2248.27;2237.92;2174.12;-204.8472159;0;12176.63256
1.06.2034;2358.73;2322.08;2311.03;2240.07;-205.8906636;0;12378.34001
1.07.2034;2407.57;2369.55;2357.51;2282.11;-272.5041359;0;12409.73404
1.08.2034;2368.12;2328.44;2314.60;2225.75;-393.4243791;0;12358.98642
1.09.2034;2274.45;2232.55;2218.54;2131.38;-518.0088369;0;12329.72861
1.10.2034;2180.90;2138.42;2124.21;2033.87;-584.3550589;0;12328.48614
1.11.2034;2119.20;2079.53;2065.23;1977.36;-594.5347717;0;12377.43742
1.12.2034;2100.74;2062.04;2046.67;1952.79;-576.3419306;0;12470.56082
1.01.2035;2113.44;2074.46;2058.46;1964.73;-503.9249569;0;12615.68419
1.02.2035;2148.26;2109.41;2093.86;2000.08;-464.4051593;0;12746.27468
1.03.2035;2188.76;2150.10;2134.27;2042.20;-393.665613;0;12892.92494
1.04.2035;2238.47;2200.41;2185.14;2092.59;-297.9437798;0;13095.69616
1.05.2035;2267.61;2230.14;2213.73;2119.28;-224.7671096;0;13298.46738
1.06.2035;2277.18;2238.78;2222.68;2127.28;-175.9304663;0;13501.2386
1.07.2035;2286.50;2246.00;2229.70;2132.99;-222.2560589;0;13524.17453
1.08.2035;2235.03;2193.47;2176.38;2072.17;-332.3672482;0;13472.74082
1.09.2035;2127.70;2085.55;2068.42;1966.45;-442.4239471;0;13455.79976
1.10.2035;2050.01;2007.14;1988.88;1882.80;-515.0671335;0;13475.63777
1.11.2035;1978.77;1940.39;1922.32;1813.59;-536.8286576;0;13508.84745
1.12.2035;1973.55;1932.08;1913.61;1800.88;-524.1278044;0;13719.86006
1.01.2036;2006.01;1962.22;1943.46;1830.20;-489.3104891;0;13830.60357
1.02.2036;2053.66;2010.67;1991.52;1879.14;-448.8074264;0;13959.82811
1.03.2036;2083.12;2042.42;2024.05;1911.39;-399.0906999;0;14063.09492
1.04.2036;2119.30;2078.38;2059.86;1949.29;-369.9595423;0;14141.81239
1.05.2036;2163.47;2121.39;2103.06;1992.92;-360.3859186;0;14237.20253
1.06.2036;2204.19;2158.64;2140.72;2032.92;-351.0624483;0;14382.74104
1.07.2036;2229.57;2182.69;2164.01;2050.66;-412.1389511;0;14383.5474
1.08.2036;2192.06;2141.49;2118.47;1994.74;-539.5895962;0;14323.69438
1.09.2036;2102.89;2045.75;2021.41;1896.92;-631.9290953;0;14307.25332
1.10.2036;2001.75;1943.88;1921.10;1797.57;-716.6647916;0;14293.47964
1.11.2036;1933.43;1874.66;1853.68;1733.65;-722.8815469;0;14355.64457
1.12.2036;1911.20;1848.04;1826.40;1702.20;-690.4217256;0;14451.27437
1.01.2037;1929.76;1863.32;1841.16;1715.87;-642.7718666;0;14553.30099
1.02.2037;1993.12;1926.12;1904.24;1778.77;-613.3125052;0;14635.1211
1.03.2037;2050.06;1983.58;1963.03;1840.65;-577.1349114;0;14723.50904
1.04.2037;2093.24;2027.06;2006.55;1885.97;-532.9652611;0;14817.76752
1.05.2037;2149.65;2083.43;2063.57;1945.20;-492.245163;0;14948.56942
1.06.2037;2215.42;2149.01;2130.01;2013.74;-466.8653886;0;15099.75197
1.07.2037;2263.93;2196.34;2177.98;2060.18;-511.8199621;0;15106.49802
1.08.2037;2222.82;2153.29;2134.47;2004.97;-618.7766209;0;15076.24895
1.09.2037;2123.68;2053.57;2035.25;1908.96;-740.2128321;0;15024.34824
1.10.2037;2025.34;1955.59;1937.17;1814.00;-822.2979454;0;15013.86975
1.11.2037;1935.64;1865.81;1849.23;1750.71;-849.0310289;0;15043.90855
1.12.2037;1920.76;1851.94;1835.34;1736.73;-830.4678285;0;15133.5655
1.01.2038;1937.72;1867.62;1850.95;1752.15;-767.1089963;0;15282.5609
1.02.2038;2008.51;1938.71;1921.71;1823.02;-710.1656252;0;15414.25032
1.03.2038;2089.91;2020.54;2003.90;1906.13;-666.9876465;0;15520.20448
1.04.2038;2156.29;2088.64;2071.82;1976.40;-610.57599;0;15633.31608
1.05.2038;2219.46;2154.51;2138.11;2046.05;-544.8114189;0;15804.40484
1.06.2038;2268.26;2204.10;2186.98;2094.09;-496.3008708;0;16004.00073
1.07.2038;2326.62;2257.92;2240.47;2138.61;-546.0673908;0;16026.94058
1.08.2038;2278.51;2202.79;2179.89;2075.11;-666.1788159;0;15971.48009
1.09.2038;2188.57;2109.15;2086.28;1981.87;-785.4283404;0;15915.23961
1.10.2038;2099.18;2020.81;1997.91;1896.46;-894.2866558;0;15898.16585
1.11.2038;2045.47;1972.22;1948.29;1847.43;-912.3526115;0;15961.73597
1.12.2038;2033.76;1956.93;1931.64;1829.59;-895.392651;0;16172.74857
1.01.2039;2070.52;1993.80;1968.52;1866.74;-824.6108548;0;16347.3223
1.02.2039;2123.71;2047.02;2021.55;1919.96;-743.2031636;0;16540.4139
1.03.2039;2159.18;2081.43;2056.55;1953.05;-676.8262599;0;16734.14022
1.04.2039;2233.11;2155.69;2130.57;2027.36;-613.6595584;0;16867.69442
1.05.2039;2323.12;2245.98;2220.67;2117.45;-564.8593516;0;17061.43319
1.06.2039;2390.49;2312.66;2286.64;2180.36;-506.499597;0;17266.62066
1.07.2039;2411.78;2329.38;2302.96;2191.96;-565.3141332;0;17286.10642
1.08.2039;2368.85;2283.05;2253.18;2129.28;-675.365295;0;17262.61375
1.09.2039;2282.25;2196.18;2162.24;2036.94;-784.8322159;0;17239.12433
1.10.2039;2181.93;2096.07;2063.85;1941.41;-850.6633963;0;17248.84556
1.11.2039;2113.56;2031.32;2000.78;1882.65;-865.0193813;0;17336.85028
1.12.2039;2101.36;2015.45;1988.24;1870.58;-828.2601778;0;17547.86289
1.01.2040;2115.97;2029.86;2002.21;1886.50;-775.0666249;0;17748.31692
1.02.2040;2138.57;2052.48;2024.86;1908.12;-739.5989783;0;17905.53977
1.03.2040;2179.51;2091.33;2062.93;1942.58;-665.6717721;0;18070.74975
1.04.2040;2210.78;2122.68;2094.04;1973.68;-575.6614081;0;18255.73244
1.05.2040;2240.55;2153.14;2124.50;2002.00;-508.2875009;0;18440.72016
1.06.2040;2275.85;2186.19;2157.41;2033.31;-486.9995053;0;18651.73277
1.07.2040;2332.35;2242.57;2212.21;2069.62;-540.0015999;0;18675.3517
1.08.2040;2284.15;2191.13;2159.20;2001.98;-647.0074732;0;18675.41425
1.09.2040;2186.52;2091.76;2059.52;1901.65;-771.0791316;0;18649.94133
1.10.2040;2083.61;1988.13;1954.53;1794.65;-855.6932713;0;18640.89052
1.11.2040;2003.35;1908.77;1876.58;1726.70;-870.8095384;0;18717.12629
1.12.2040;1981.12;1886.73;1854.88;1710.49;-856.2005115;0;18878.51267
1.01.2041;1995.64;1900.54;1867.51;1722.68;-833.5963432;0;19008.93244
1.02.2041;2013.27;1917.06;1884.70;1739.53;-792.6536395;0;19103.24681
1.03.2041;2035.14;1938.87;1907.13;1762.75;-761.3863378;0;19188.8229
1.04.2041;2081.28;1984.36;1952.86;1809.98;-731.617954;0;19274.57478
1.05.2041;2111.33;2014.62;1983.75;1843.71;-696.3183456;0;19403.88181
1.06.2041;2158.96;2059.09;2027.65;1887.67;-639.8146485;0;19620.12165
1.07.2041;2183.15;2082.58;2050.77;1906.92;-699.9050649;0;19643.67787
1.08.2041;2153.40;2053.38;2019.47;1864.43;-821.7162674;0;19590.40361
1.09.2041;2063.49;1962.15;1927.31;1773.20;-950.2234073;0;19538.01256
1.10.2041;1950.03;1849.92;1815.47;1664.84;-1050.514094;0;19513.90308
1.11.2041;1872.05;1772.93;1738.46;1597.78;-1078.328013;0;19552.33651
1.12.2041;1855.74;1755.22;1720.87;1582.43;-1063.80078;0;19620.57834
1.01.2042;1886.51;1783.61;1748.41;1608.75;-1046.171413;0;19696.53947
1.02.2042;1942.62;1839.78;1805.56;1665.35;-1024.300179;0;19761.96142
1.03.2042;1969.80;1866.65;1833.31;1696.33;-978.168214;0;19874.52301
1.04.2042;2006.45;1902.98;1870.71;1735.45;-948.1172134;0;19950.80255
1.05.2042;2042.39;1937.22;1905.11;1770.56;-900.4819443;0;20054.09866
1.06.2042;2070.65;1963.19;1931.03;1796.31;-876.2955094;0;20143.74104
1.07.2042;2083.16;1974.27;1940.90;1799.98;-913.7383057;0;20157.86473
1.08.2042;2055.53;1941.49;1899.89;1756.43;-1026.993605;0;20109.34487
1.09.2042;1962.25;1845.35;1803.75;1660.50;-1170.047016;0;20040.51609
1.10.2042;1855.46;1737.17;1694.60;1555.76;-1268.426305;0;20015.19023
1.11.2042;1763.27;1646.04;1603.87;1483.13;-1289.030577;0;20048.51343
1.12.2042;1745.58;1629.17;1586.99;1467.87;-1258.255271;0;20137.8205
1.01.2043;1767.34;1649.75;1607.70;1488.39;-1202.147039;0;20272.67975
1.02.2043;1791.64;1672.61;1630.40;1512.00;-1174.968462;0;20354.98855
1.03.2043;1847.94;1728.37;1686.12;1571.56;-1138.31504;0;20439.33047
1.04.2043;1913.18;1793.78;1751.01;1640.72;-1102.372891;0;20527.70897
1.05.2043;1968.89;1848.53;1805.76;1699.60;-1074.120638;0;20628.45861
1.06.2043;2021.70;1904.19;1861.32;1753.83;-1061.602584;0;20703.32866
1.07.2043;2068.67;1949.66;1906.40;1791.26;-1096.720215;0;20724.18765
1.08.2043;2021.60;1898.37;1853.33;1733.93;-1215.347509;0;20695.1345
1.09.2043;1923.25;1799.92;1755.88;1642.32;-1351.261627;0;20651.56607
1.10.2043;1825.39;1702.59;1658.48;1544.90;-1468.689493;0;20623.07394
1.11.2043;1757.72;1634.85;1592.45;1484.05;-1491.231783;0;20662.39078
1.12.2043;1741.44;1616.27;1574.04;1467.95;-1469.473444;0;20741.28443
1.01.2044;1774.05;1645.57;1602.83;1497.40;-1445.173441;0;20830.95766
1.02.2044;1818.54;1686.20;1642.99;1535.82;-1388.875642;0;20970.83641
1.03.2044;1846.30;1714.50;1671.81;1563.30;-1323.636343;0;21120.3089
1.04.2044;1893.87;1762.54;1719.22;1608.50;-1267.924221;0;21253.32031
1.05.2044;1941.36;1808.85;1765.19;1653.65;-1215.116727;0;21452.55021
1.06.2044;2015.37;1882.11;1836.07;1721.15;-1168.141264;0;21652.14611
1.07.2044;2039.81;1903.85;1857.62;1733.17;-1228.531774;0;21677.8369
1.08.2044;1982.57;1841.91;1794.74;1668.54;-1354.78462;0;21627.07738
1.09.2044;1893.19;1750.57;1700.23;1572.03;-1480.517032;0;21573.67986
1.10.2044;1804.28;1661.33;1610.32;1481.15;-1567.526094;0;21564.62905
1.11.2044;1736.93;1595.20;1544.58;1420.74;-1588.480383;0;21636.11096
1.12.2044;1721.26;1583.08;1527.45;1399.43;-1555.86986;0;21745.23196
1.01.2045;1741.22;1602.94;1547.40;1421.81;-1511.379567;0;21875.85208
1.02.2045;1815.52;1676.80;1620.95;1495.24;-1483.61897;0;21971.77816
1.03.2045;1894.17;1753.45;1697.50;1573.52;-1436.054095;0;22069.13224
1.04.2045;1952.10;1810.70;1755.30;1632.80;-1388.556199;0;22234.34223
1.05.2045;2014.66;1872.86;1817.42;1695.93;-1314.546987;0;22431.27964
1.06.2045;2061.58;1917.43;1861.96;1740.27;-1290.111332;0;22630.86967
1.07.2045;2074.47;1928.29;1871.36;1745.58;-1364.225731;0;22637.79603
1.08.2045;2028.97;1877.77;1813.09;1677.02;-1480.040428;0;22612.35328
1.09.2045;1931.27;1779.88;1714.63;1576.29;-1595.347792;0;22583.34728
1.10.2045;1832.16;1676.91;1610.98;1477.62;-1682.750172;0;22586.51296
1.11.2045;1754.78;1605.55;1539.51;1414.69;-1703.110571;0;22647.38844
1.12.2045;1731.16;1582.33;1516.28;1397.50;-1683.148464;0;22776.81686
1.01.2046;1745.89;1595.52;1528.65;1407.91;-1608.843406;0;22938.3021
1.02.2046;1772.18;1620.34;1553.43;1432.74;-1530.193822;0;23135.22889
1.03.2046;1795.68;1642.48;1575.61;1455.13;-1472.269599;0;23328.32049
1.04.2046;1838.76;1685.11;1618.48;1501.16;-1409.703552;0;23504.21993
1.05.2046;1876.11;1723.16;1656.91;1543.89;-1362.789731;0;23707.06039
1.06.2046;1904.12;1749.92;1683.76;1573.07;-1349.898522;0;23892.08399
1.07.2046;1917.16;1758.20;1686.12;1566.86;-1409.355255;0;23902.22593
1.08.2046;1881.66;1720.03;1639.02;1492.42;-1537.135369;0;23851.79281
1.09.2046;1791.30;1623.22;1540.66;1394.48;-1666.857764;0;23811.49978
1.10.2046;1685.14;1517.24;1433.85;1290.66;-1768.205333;0;23797.09359
1.11.2046;1621.10;1452.67;1371.95;1223.11;-1799.174143;0;23831.48865
1.12.2046;1603.55;1431.53;1351.20;1202.59;-1784.445427;0;24042.50126
1.01.2047;1599.68;1427.75;1346.00;1197.53;-1758.158368;0;24130.99407
1.02.2047;1629.30;1451.91;1370.51;1222.84;-1734.6581;0;24219.18165
1.03.2047;1704.06;1529.02;1446.87;1298.26;-1691.576629;0;24316.54426
1.04.2047;1751.18;1575.55;1492.85;1343.91;-1654.223874;0;24400.88085
1.05.2047;1820.56;1643.64;1561.22;1411.91;-1626.21088;0;24488.80736
1.06.2047;1902.19;1724.98;1643.33;1494.40;-1613.177271;0;24551.28636
1.07.2047;1956.79;1769.70;1686.88;1528.35;-1659.996937;0;24596.27687
1.08.2047;1917.12;1727.04;1641.82;1469.99;-1779.250318;0;24592.96542
1.09.2047;1827.97;1632.75;1548.34;1376.30;-1919.478938;0;24533.07815
1.10.2047;1748.62;1548.45;1463.36;1293.31;-2004.13127;0;24527.47995
1.11.2047;1674.16;1474.99;1392.63;1234.55;-2027.356329;0;24565.83011
1.12.2047;1662.96;1465.78;1384.52;1225.50;-2032.468831;0;24616.70694
1.01.2048;1711.47;1512.96;1430.96;1269.70;-2002.854847;0;24743.6463
1.02.2048;1778.81;1574.89;1491.67;1323.40;-1928.09468;0;24889.43196
1.03.2048;1838.64;1631.68;1548.05;1382.17;-1880.969045;0;25010.5852
1.04.2048;1922.92;1716.14;1633.02;1466.81;-1811.596786;0;25162.87374
1.05.2048;1999.98;1794.48;1712.07;1546.12;-1729.963093;0;25338.58765
1.06.2048;2065.00;1858.53;1775.46;1607.94;-1675.364272;0;25533.99921
1.07.2048;2083.27;1865.19;1781.32;1610.17;-1728.154911;0;25557.62146
1.08.2048;2037.02;1813.30;1724.97;1539.65;-1846.901873;0;25508.72848
1.09.2048;1945.07;1722.46;1633.00;1442.95;-1952.670328;0;25498.26873
1.10.2048;1850.69;1624.55;1536.53;1346.75;-2052.000241;0;25487.80389
1.11.2048;1763.20;1537.22;1462.49;1284.25;-2066.942738;0;25573.13206
1.12.2048;1753.91;1527.95;1453.34;1274.12;-2018.435247;0;25705.57535
1.01.2049;1779.07;1553.02;1478.40;1299.21;-1951.090967;0;25835.13236
1.02.2049;1854.23;1629.61;1554.96;1374.66;-1891.265009;0;25963.39773
1.03.2049;1922.91;1700.22;1626.03;1448.16;-1806.988551;0;26129.67895
1.04.2049;1990.35;1769.53;1694.11;1518.85;-1729.923997;0;26305.49033
1.05.2049;2045.56;1827.04;1754.18;1581.98;-1664.903841;0;26477.19565
1.06.2049;2083.48;1865.47;1792.48;1616.83;-1646.630775;0;26652.35492
1.07.2049;2111.09;1885.20;1810.94;1627.00;-1708.752153;0;26659.28127
1.08.2049;2078.37;1839.40;1756.65;1567.77;-1832.327075;0;26629.24948
1.09.2049;1977.76;1739.02;1657.86;1470.98;-1959.267329;0;26600.20219
1.10.2049;1880.91;1649.42;1566.17;1376.27;-2077.022421;0;26597.31133
1.11.2049;1812.18;1589.61;1508.42;1321.26;-2089.540422;0;26679.73082
1.12.2049;1789.04;1568.91;1488.05;1294.75;-2064.37702;0;26801.15492
1.01.2050;1802.36;1581.94;1501.30;1309.81;-1989.214076;0;26943.20754
1.02.2050;1877.52;1658.54;1577.86;1385.27;-1920.537082;0;27115.80309
1.03.2050;1946.20;1729.15;1648.93;1458.77;-1853.091376;0;27269.05139
1.04.2050;2013.64;1798.45;1717.02;1529.45;-1797.884883;0;27422.27109
1.05.2050;2068.85;1855.96;1777.09;1592.58;-1759.96726;0;27575.69017
1.06.2050;2106.77;1894.39;1815.39;1627.43;-1732.356312;0;27769.41122
1.07.2050;2134.38;1914.12;1833.84;1637.60;-1776.686763;0;27808.61683
1.08.2050;2101.66;1868.32;1779.55;1578.37;-1913.116201;0;27751.03813
1.09.2050;2001.05;1767.94;1680.76;1481.58;-2044.541101;0;27717.57037
1.10.2050;1904.20;1678.35;1589.08;1386.87;-2137.873436;0;27706.24201
1.11.2050;1835.47;1618.53;1531.32;1331.86;-2169.322238;0;27755.26768
1.12.2050;1812.33;1597.83;1510.96;1305.36;-2156.004165;0;27966.28029
